"Data Source","World Development Indicators",

"Last Updated Date","2022-04-08",

"Country Name","Country Code","Indicator Name","Indicator Code","1960","1961","1962","1963","1964","1965","1966","1967","1968","1969","1970","1971","1972","1973","1974","1975","1976","1977","1978","1979","1980","1981","1982","1983","1984","1985","1986","1987","1988","1989","1990","1991","1992","1993","1994","1995","1996","1997","1998","1999","2000","2001","2002","2003","2004","2005","2006","2007","2008","2009","2010","2011","2012","2013","2014","2015","2016","2017","2018","2019","2020",
"Aruba","ABW","Contraceptive prevalence, any modern method (% of married women ages 15-49)","SP.DYN.CONM.ZS","","","","","","","","","","","","","","","","","","","","","","","","","","","","","","","","","","","","","","","","","","","","","","","","","","","","","","","","","","","","","",
"Africa Eastern and Southern","AFE","Contraceptive prevalence, any modern method (% of married women ages 15-49)","SP.DYN.CONM.ZS","","","","","","","","","","","","","","","","","","","","","","","","","","","","","","","14.3173626819336","","","","","","","","","","20.2805583916413","","","","","","","","","","23.0685772089256","","","","","","","","35.6272670509619","","",
"Afghanistan","AFG","Contraceptive prevalence, any modern method (% of married women ages 15-49)","SP.DYN.CONM.ZS","","","","","","","","","","","","","","","","","","","","","","","","","","","","","","","","","","","","","","","","","3.6","","","8.7","","12.5","17.5","","15.2","","19.9","20.2","13.8","","","19.8","19.8","","","","",
"Africa Western and Central","AFW","Contraceptive prevalence, any modern method (% of married women ages 15-49)","SP.DYN.CONM.ZS","","","","","","","","","","","","","","","","","","","","","","","","","","","","","","","3.7912613532238","","","","","","","","","","8.60099111224514","","","","","","","","","","12.4920502700355","","","","","","","","15.4659646920588","","",
"Angola","AGO","Contraceptive prevalence, any modern method (% of married women ages 15-49)","SP.DYN.CONM.ZS","","","","","","","","","","","","","","","","","","","","","","","","","","","","","","","","","","","","","4","","","","","4.9","","","","","","","","11.7","","","","","","","12.5","","","","",
"Albania","ALB","Contraceptive prevalence, any modern method (% of married women ages 15-49)","SP.DYN.CONM.ZS","","","","","","","","","","","","","","","","","","","","","","","","","","","","","","","","","","","","","","","","","17.5","","8","","","24.8","","","","10.6","","","","","","","","","3.7","","",
"Andorra","AND","Contraceptive prevalence, any modern method (% of married women ages 15-49)","SP.DYN.CONM.ZS","","","","","","","","","","","","","","","","","","","","","","","","","","","","","","","","","","","","","","","","","","","","","","","","","","","","","","","","","","","","","",
"Arab World","ARB","Contraceptive prevalence, any modern method (% of married women ages 15-49)","SP.DYN.CONM.ZS","","","","","","","","","","","","","","","","","","","","","","","","","","","","","","","31.1572669716293","","","","","","","","","","39.4185158912624","","","","","","","","","","42.7964926841874","","","","","","","","38.7068104816531","","",
"United Arab Emirates","ARE","Contraceptive prevalence, any modern method (% of married women ages 15-49)","SP.DYN.CONM.ZS","","","","","","","","","","","","","","","","","","","","","","","","","","","","","","","","","","","","23.6","","","","","","","","","","","","","","","","","","","","","","","","","",
"Argentina","ARG","Contraceptive prevalence, any modern method (% of married women ages 15-49)","SP.DYN.CONM.ZS","","","","","","","","","","","","","","","","","","","","","","","","","","","","","","","","","","","","","","","","","","","","","","","","","","","","","","68.9","","","","","","","",
"Armenia","ARM","Contraceptive prevalence, any modern method (% of married women ages 15-49)","SP.DYN.CONM.ZS","","","","","","","","","","","","","","","","","","","","","","","","","","","","","","","","25.2","","","","","","","","","22.3","","","","","19.5","","","","","27.2","","","","","","28","","","","",
"American Samoa","ASM","Contraceptive prevalence, any modern method (% of married women ages 15-49)","SP.DYN.CONM.ZS","","","","","","","","","","","","","","","","","","","","","","","","","","","","","","","","","","","","","","","","","","","","","","","","","","","","","","","","","","","","","",
"Antigua and Barbuda","ATG","Contraceptive prevalence, any modern method (% of married women ages 15-49)","SP.DYN.CONM.ZS","","","","","","","","","","","","","","","","","","","","","","44.6","","","","","","","50.6","","","","","","","","","","","","","","","","","","","","","","","","","","","","","","","","",
"Australia","AUS","Contraceptive prevalence, any modern method (% of married women ages 15-49)","SP.DYN.CONM.ZS","","","","","","","","","","","","","","","","","","","","","","","","","","","72.2","","","","","","","","","","","","","","","","","","","68.1","63.1","","","59.2","","","65.1","","","","64.7","","","","",
"Austria","AUT","Contraceptive prevalence, any modern method (% of married women ages 15-49)","SP.DYN.CONM.ZS","","","","","","","","","","","","","","","","","","","","","","","","","","","","","","","","","","","","","46.8","","","","","","","","","","","","","67.6","","","","63","","","","","","","",
"Azerbaijan","AZE","Contraceptive prevalence, any modern method (% of married women ages 15-49)","SP.DYN.CONM.ZS","","","","","","","","","","","","","","","","","","","","","","","","","","","","","","","","","","","","","","","","","16.7","11.9","","","","","14.3","","","","","13.9","","","","","","","","","",
"Burundi","BDI","Contraceptive prevalence, any modern method (% of married women ages 15-49)","SP.DYN.CONM.ZS","","","","","","","","","","","","","","","","","","","","","","","","","","","","1.2","","","","","","","","","","","","","10","","8.5","","","7.8","","","","19.6","17.7","17.7","30","","","","22.4","22.9","","","",
"Belgium","BEL","Contraceptive prevalence, any modern method (% of married women ages 15-49)","SP.DYN.CONM.ZS","","","","","","","10.8","","","","","","","","","","47.9","","","","","","","63.2","","","","","","","","","74.3","","","","","","","","","","","","","","","","","72.8","","","","65.9","","","","","65.4","","",
"Benin","BEN","Contraceptive prevalence, any modern method (% of married women ages 15-49)","SP.DYN.CONM.ZS","","","","","","","","","","","","","","","","","","","","","","","0.7","","","","","","","","","","","","","","3.4","","","","","7.2","","","","","6.1","","","","","","7.9","","12.4","","","","12.4","","",
"Burkina Faso","BFA","Contraceptive prevalence, any modern method (% of married women ages 15-49)","SP.DYN.CONM.ZS","","","","","","","","","","","","","","","","","","","","","","","","","","","","","","","","","","4.2","","","","","","4.8","","","","8.8","","","14.3","","","","15","15","","","20.2","20","24.2","24.5","30.1","30.6","28.1",
"Bangladesh","BGD","Contraceptive prevalence, any modern method (% of married women ages 15-49)","SP.DYN.CONM.ZS","","","","","","","","","","","","","","","","","5","","","","8.8","11","","","13.8","","18.4","","","24.5","","31.2","","","36.6","","","42.1","","","44","43.9","","","47.6","","","47.5","","","","52.1","","59.3","54.1","","56","","51.9","59.1","",
"Bulgaria","BGR","Contraceptive prevalence, any modern method (% of married women ages 15-49)","SP.DYN.CONM.ZS","","","","","","","","","","","","","","","","","6","","","","","","","","","","","","","","","","","","","45.6","","","39.6","","","","","","","36.8","","39.6","","","","","","","","","","","","","",
"Bahrain","BHR","Contraceptive prevalence, any modern method (% of married women ages 15-49)","SP.DYN.CONM.ZS","","","","","","","","","","","","","","","","","","","","","","","","","","","","","","30.3","","","","","","30.6","","","","","","","","","","","","","","","","","","","","","","","","","",
"Bahamas, The","BHS","Contraceptive prevalence, any modern method (% of married women ages 15-49)","SP.DYN.CONM.ZS","","","","","","","","","","","","","","","","","","","","","","","","","","","","","60.1","","","","","","","","","","","","","","","","","","","","","","","","","","","","","","","","",
"Bosnia and Herzegovina","BIH","Contraceptive prevalence, any modern method (% of married women ages 15-49)","SP.DYN.CONM.ZS","","","","","","","","","","","","","","","","","","","","","","","","","","","","","","","","","","","","","","","","","16.2","","","","","","11.3","","","","","","12.1","","","","","","","","",
"Belarus","BLR","Contraceptive prevalence, any modern method (% of married women ages 15-49)","SP.DYN.CONM.ZS","","","","","","","","","","","","","","","","","","","","","","","","","","","","","","","","","","","","42.1","","","","","","","","","","57","","","","","","","51.9","","","","","59.3","","","",
"Belize","BLZ","Contraceptive prevalence, any modern method (% of married women ages 15-49)","SP.DYN.CONM.ZS","","","","","","","","","","","","","","","","","","","","","","","","","","","","","","","","43.1","","","","","","","","51","","","","","","","","","","","","52","","","","","48.5","","","","",
"Bermuda","BMU","Contraceptive prevalence, any modern method (% of married women ages 15-49)","SP.DYN.CONM.ZS","","","","","","","","","","","","","","","","","","","","","","","","","","","","","","","","","","","","","","","","","","","","","","","","","","","","","","","","","","","","","",
"Bolivia","BOL","Contraceptive prevalence, any modern method (% of married women ages 15-49)","SP.DYN.CONM.ZS","","","","","","","","","","","","","","","","","","","","","","","","","","","","","","12.2","","","","","17.8","","","","25.2","","30.5","","","34.9","34.9","","","","34.6","","","","","","","","45.1","","","","",
"Brazil","BRA","Contraceptive prevalence, any modern method (% of married women ages 15-49)","SP.DYN.CONM.ZS","","","","","","","","","","","","","","","","","","","","","","","","","","","56.5","","","","","","","","","","70.3","","","","","","","","","","","77.1","","","","","","77.7","","","","","","","",
"Barbados","BRB","Contraceptive prevalence, any modern method (% of married women ages 15-49)","SP.DYN.CONM.ZS","","","","","","","","","","","","","","","","","","","","","","44.6","","","","","","","53.4","","","","","","","","","","","","","","","","","","","","","","","","55.4","","","","","","","","",
"Brunei Darussalam","BRN","Contraceptive prevalence, any modern method (% of married women ages 15-49)","SP.DYN.CONM.ZS","","","","","","","","","","","","","","","","","","","","","","","","","","","","","","","","","","","","","","","","","","","","","","","","","","","","","","","","","","","","","",
"Bhutan","BTN","Contraceptive prevalence, any modern method (% of married women ages 15-49)","SP.DYN.CONM.ZS","","","","","","","","","","","","","","","","","","","","","","","","","","","","","","","","","","","","","","","","","30.7","","","","","","","35.4","","","65.4","","","","","","","","","","",
"Botswana","BWA","Contraceptive prevalence, any modern method (% of married women ages 15-49)","SP.DYN.CONM.ZS","","","","","","","","","","","","","","","","","","","","","","","","","18.6","","","","31.7","","","","","","","","45.7","","","","42.1","","","","","","","51.2","","","","","","","","","","","","","",
"Central African Republic","CAF","Contraceptive prevalence, any modern method (% of married women ages 15-49)","SP.DYN.CONM.ZS","","","","","","","","","","","","","","","","","","","","","","","","","","","","","","","","","","","","3.2","","","","","11.6","","","","","","10.2","","","","12.1","11.3","","","","","","","","14.4","",
"Canada","CAN","Contraceptive prevalence, any modern method (% of married women ages 15-49)","SP.DYN.CONM.ZS","","","","","","","","","","","","","","","","","","","","","","","","","70.6","","","","","","","","","","","73.3","","","76","","","","","","","","","","","","","","","","","","","","","","",
"Central Europe and the Baltics","CEB","Contraceptive prevalence, any modern method (% of married women ages 15-49)","SP.DYN.CONM.ZS","","","","","","","","","","","","","","","","","","","","","","","","","","","","","","","","","","","","","","","","","","","","","","","","","","","","","","","","","","","","","",
"Switzerland","CHE","Contraceptive prevalence, any modern method (% of married women ages 15-49)","SP.DYN.CONM.ZS","","","","","","","","","","","","","","","","","","","","","64.9","","","","","","","","","","","","","","","77.5","","","","","","","","","","","","","","","","","69.2","","","","","67.3","","","",
"Channel Islands","CHI","Contraceptive prevalence, any modern method (% of married women ages 15-49)","SP.DYN.CONM.ZS","","","","","","","","","","","","","","","","","","","","","","","","","","","","","","","","","","","","","","","","","","","","","","","","","","","","","","","","","","","","","",
"Chile","CHL","Contraceptive prevalence, any modern method (% of married women ages 15-49)","SP.DYN.CONM.ZS","","","","","","","","","","","","","","","","","","","","","","","","","","","","","","","","","","","","","","","","","","57.9","","","","","64.2","","","","","","","","","","69.8","","","","",
"China","CHN","Contraceptive prevalence, any modern method (% of married women ages 15-49)","SP.DYN.CONM.ZS","","","","","","","","","","","13.5","17.3","22.5","28.4","34.4","40.6","45.2","48.4","50.2","53.7","54.6","54.7","58.2","64.2","66.3","66.2","65.7","69.3","73.2","","","","","","","","","83.3","","","","86.2","","","","","84","","","","","","","","","","","80.5","","","",
"Cote d'Ivoire","CIV","Contraceptive prevalence, any modern method (% of married women ages 15-49)","SP.DYN.CONM.ZS","","","","","","","","","","","","","","","","","","","","","","0.5","","","","","","","","","","","","","4.3","","","","","7.3","","","","","","","11","","","","","","12.5","","","","14.3","19","19.4","","",
"Cameroon","CMR","Contraceptive prevalence, any modern method (% of married women ages 15-49)","SP.DYN.CONM.ZS","","","","","","","","","","","","","","","","","","","0.6","","","","","","","","","","","","","4.3","","","","","","","7.1","","11.1","","","","12.5","","14","","","","","14.4","","","19.9","","","","15.4","","",
"Congo, Dem. Rep.","COD","Contraceptive prevalence, any modern method (% of married women ages 15-49)","SP.DYN.CONM.ZS","","","","","","","","","","","","","","","","","","","","","","","","4.4","4.4","","","","","","","2.3","","","","","","","","","","7.7","","","","","","5.8","","","6.6","","","","7.8","","","","17.6","","",
"Congo, Rep.","COG","Contraceptive prevalence, any modern method (% of married women ages 15-49)","SP.DYN.CONM.ZS","","","","","","","","","","","","","","","","","","","","","","","","","","","","","","","","","","","","","","","","","","","","","","12.7","","","","","","","20","","","18.3","","","","","",
"Colombia","COL","Contraceptive prevalence, any modern method (% of married women ages 15-49)","SP.DYN.CONM.ZS","","","","","","","","","","8.9","","","","","","","30.4","","37.3","","41","","","","","","52.4","","","","54.6","","","","","59.3","","","","","64","","","","","68.2","","","","","72.9","","","","","75.9","75.9","","","","",
"Comoros","COM","Contraceptive prevalence, any modern method (% of married women ages 15-49)","SP.DYN.CONM.ZS","","","","","","","","","","","","","","","","","","","","","","","","","","","","","","","","","","","","","11.4","","","","21","","","","","","","","","","","","14.2","","","","","","","","",
"Cabo Verde","CPV","Contraceptive prevalence, any modern method (% of married women ages 15-49)","SP.DYN.CONM.ZS","","","","","","","","","","","","","","","","","","","","","","","","","","","","","","19","","","","","","","","","46","","","","","","","57.1","","","","","","","","","","","","","54.6","","",
"Costa Rica","CRI","Contraceptive prevalence, any modern method (% of married women ages 15-49)","SP.DYN.CONM.ZS","","","","","","","","","","","","","","","","","53.5","","54.9","","","55.9","","","","","58","","","","","","","65","","","","","","71","","","","","","","","","","76.4","79.9","74.7","","","","74.9","","","70","","",
"Caribbean small states","CSS","Contraceptive prevalence, any modern method (% of married women ages 15-49)","SP.DYN.CONM.ZS","","","","","","","","","","","","","","","","","","","","","","","","","","","","","","","48.9242439037373","","","","","","","","","","","","","","","","","","","","54.5511745135537","","","","","","","","","","",
"Cuba","CUB","Contraceptive prevalence, any modern method (% of married women ages 15-49)","SP.DYN.CONM.ZS","","","","","","","","","","","","","","","","","","","","","","","","","","","","67","","","","","","","","","","","","","72.1","","","","","","","","","","","73.2","","","72.2","","","","","67.9","",
"Curacao","CUW","Contraceptive prevalence, any modern method (% of married women ages 15-49)","SP.DYN.CONM.ZS","","","","","","","","","","","","","","","","","","","","","","","","","","","","","","","","","","","","","","","","","","","","","","","","","","","","","","","","","","","","","",
"Cayman Islands","CYM","Contraceptive prevalence, any modern method (% of married women ages 15-49)","SP.DYN.CONM.ZS","","","","","","","","","","","","","","","","","","","","","","","","","","","","","","","","","","","","","","","","","","","","","","","","","","","","","","","","","","","","","",
"Cyprus","CYP","Contraceptive prevalence, any modern method (% of married women ages 15-49)","SP.DYN.CONM.ZS","","","","","","","","","","","","","","","","","","","","","","","","","","","","","","","","","","","","","","","","","","","","","","","","","","","","","","","","","","","","","",
"Czech Republic","CZE","Contraceptive prevalence, any modern method (% of married women ages 15-49)","SP.DYN.CONM.ZS","","","","","","","","","","","24.3","","","","","","","49.3","","","","","","","","","","","","","","","","44.9","","","","62.8","","","","","","","","68.7","","","77.6","","","","","","","","","","","","",
"Germany","DEU","Contraceptive prevalence, any modern method (% of married women ages 15-49)","SP.DYN.CONM.ZS","","","","","","","","","","","","49.4","60.6","","","","","","","","","","","","","67.6","","","","","","","65.5","","","","","","","","","","","","","64.5","","","49.1","","","80.2","","","","","","","","","",
"Djibouti","DJI","Contraceptive prevalence, any modern method (% of married women ages 15-49)","SP.DYN.CONM.ZS","","","","","","","","","","","","","","","","","","","","","","","","","","","","","","","","","","","","","","","","","","","5.8","","","","17.7","","","","","","18","","","","","","","","",
"Dominica","DMA","Contraceptive prevalence, any modern method (% of married women ages 15-49)","SP.DYN.CONM.ZS","","","","","","","","","","","","","","","","","","","","","","57.5","57.5","","","","","47.9","","","","","","","","","","","","","","","","","","","","","","","","","","","","","","","","","",
"Denmark","DNK","Contraceptive prevalence, any modern method (% of married women ages 15-49)","SP.DYN.CONM.ZS","","","","","","","","","","","54","","","","","59.9","","","","","","","","","","","","","","","","","","","","","","","","","","","","","","","","","","","","","","","","","","","","","",
"Dominican Republic","DOM","Contraceptive prevalence, any modern method (% of married women ages 15-49)","SP.DYN.CONM.ZS","","","","","","","","","","","","","","","","26","","","","","35","","","36.2","","","46.5","","","","","51.7","","","","","59.2","","","64.1","62.8","","65.8","","","","60","70","","","71.1","","","68.6","68","","","","","","",
"Algeria","DZA","Contraceptive prevalence, any modern method (% of married women ages 15-49)","SP.DYN.CONM.ZS","","","","","","","","","","","","","","","","","","","","","","","","","","","","31.3","","","","","42.9","","","49.4","","","","","55","","51.7","","","","53.9","","","","","","48","47.9","","","","","","","",
"East Asia & Pacific (excluding high income)","EAP","Contraceptive prevalence, any modern method (% of married women ages 15-49)","SP.DYN.CONM.ZS","","","","","","","","","","","","","","","","","","","","","","","","","","","","","","","66.111598235065","","","","","","","","","","76.0005851066433","","","","","","","","","","","","","","","","","","71.7948079898488","","",
"Early-demographic dividend","EAR","Contraceptive prevalence, any modern method (% of married women ages 15-49)","SP.DYN.CONM.ZS","","","","","","","","","","","","","","","","","","","","","","","","","","","","","","","36.4590539382768","","","","","","","","","","41.8158880977348","","","","","","","","","","48.0294472529367","","","","","","","","48.1084528682211","","",
"East Asia & Pacific","EAS","Contraceptive prevalence, any modern method (% of married women ages 15-49)","SP.DYN.CONM.ZS","","","","","","","","","","","","","","","","","","","","","","","","","","","","","","","65.2784005379208","","","","","","","","","","74.4340174078553","","","","","","","","","","","","","","","","","","69.9461385653057","","",
"Europe & Central Asia (excluding high income)","ECA","Contraceptive prevalence, any modern method (% of married women ages 15-49)","SP.DYN.CONM.ZS","","","","","","","","","","","","","","","","","","","","","","","","","","","","","","","","","","","","","","","","","","","","","","","","","","","46.8415682774251","","","","","","","","","","",
"Europe & Central Asia","ECS","Contraceptive prevalence, any modern method (% of married women ages 15-49)","SP.DYN.CONM.ZS","","","","","","","","","","","","","","","","","","","","","","","","","","","","","","","","","","","","","","","","","","","","","","","","","","","57.1620175783881","","","","","","","","","","",
"Ecuador","ECU","Contraceptive prevalence, any modern method (% of married women ages 15-49)","SP.DYN.CONM.ZS","","","","","","","","","","","","","","","","","","","","25.8","","","32.9","","","","","35.8","","41.5","","","","","45.7","","","","","51.7","","","","","58.7","","","","71.5","","71.5","","71.7","","","","","","","","",
"Egypt, Arab Rep.","EGY","Contraceptive prevalence, any modern method (% of married women ages 15-49)","SP.DYN.CONM.ZS","","","","","","","","","","","","","","","","22.4","","","","","29.7","","","","28.7","","","","35.5","35.5","","44.3","44.8","44.8","","45.5","45.5","51.8","51.8","","53.9","","","56.6","","56.5","","","57.6","","","","","","56.9","","","","","","",
"Euro area","EMU","Contraceptive prevalence, any modern method (% of married women ages 15-49)","SP.DYN.CONM.ZS","","","","","","","","","","","","","","","","","","","","","","","","","","","","","","","","","","","","","","","","","","","","","","","","","","","","","","","","","","","","","",
"Eritrea","ERI","Contraceptive prevalence, any modern method (% of married women ages 15-49)","SP.DYN.CONM.ZS","","","","","","","","","","","","","","","","","","","","","","","","","","","","","","","","","","","","4","4","","","","","","7.3","","","","","","","","7.1","","","","","","","","","","",
"Spain","ESP","Contraceptive prevalence, any modern method (% of married women ages 15-49)","SP.DYN.CONM.ZS","","","","","","","","","","","","","","","","","","18.6","","","","","","","","41.6","","","","","","","","","","67.5","","","","66.4","","","","","","","62.2","","","","","","","","","","","","59.9","","",
"Estonia","EST","Contraceptive prevalence, any modern method (% of married women ages 15-49)","SP.DYN.CONM.ZS","","","","","","","","","","","","","","","","","","","","","","","","","","","","","","","","","","","43.9","","","","","","","","","","","57.9","","","","","","","","","","","","","","","",
"Ethiopia","ETH","Contraceptive prevalence, any modern method (% of married women ages 15-49)","SP.DYN.CONM.ZS","","","","","","","","","","","","","","","","","","","","","","","","","","","","","","","2.9","","","","","","","2.8","","","6.3","","","","","13.9","","","","","","27.3","","","40.4","36","35.3","35.4","38.2","40.5","",
"European Union","EUU","Contraceptive prevalence, any modern method (% of married women ages 15-49)","SP.DYN.CONM.ZS","","","","","","","","","","","","","","","","","","","","","","","","","","","","","","","","","","","","","","","","","","","","","","","","","","","","","","","","","","","","","",
"Fragile and conflict affected situations","FCS","Contraceptive prevalence, any modern method (% of married women ages 15-49)","SP.DYN.CONM.ZS","","","","","","","","","","","","","","","","","","","","","","","","","","","","","","","6.96423380594117","","","","","","","","","","16.3601540532703","","","","","","","","","","17.4294151894428","","","","","","","","24.1265802735645","","",
"Finland","FIN","Contraceptive prevalence, any modern method (% of married women ages 15-49)","SP.DYN.CONM.ZS","","","","","","","","","","","","","","","","","","","","","","","","","","","","","","","75.4","","75.5","","","","","","","72.8","","","","","","","","68.9","","","","","","","","81.6","","","","","",
"Fiji","FJI","Contraceptive prevalence, any modern method (% of married women ages 15-49)","SP.DYN.CONM.ZS","","","","","","","","","","","","","","","35","","","","","","","","","","","","","","","","","","","","","","","","","","","","","","","","","","","","","","","","","","","","","","",
"France","FRA","Contraceptive prevalence, any modern method (% of married women ages 15-49)","SP.DYN.CONM.ZS","","","","","","","","","","","","","","","","","","","47.6","","","","","","","","","","66.6","","","","","","69.3","","","","","","76.5","","","","","74.8","","","71","","72.7","72.7","","","","","","","","","",
"Faroe Islands","FRO","Contraceptive prevalence, any modern method (% of married women ages 15-49)","SP.DYN.CONM.ZS","","","","","","","","","","","","","","","","","","","","","","","","","","","","","","","","","","","","","","","","","","","","","","","","","","","","","","","","","","","","","",
"Micronesia, Fed. Sts.","FSM","Contraceptive prevalence, any modern method (% of married women ages 15-49)","SP.DYN.CONM.ZS","","","","","","","","","","","","","","","","","","","","","","","","","","","","","","","","","","","","","","","","","","","","","","","","","","","","","","","","","","","","","",
"Gabon","GAB","Contraceptive prevalence, any modern method (% of married women ages 15-49)","SP.DYN.CONM.ZS","","","","","","","","","","","","","","","","","","","","","","","","","","","","","","","","","","","","","","","","","11.8","","","","","","","","","","","","19.4","","","","","","","","",
"United Kingdom","GBR","Contraceptive prevalence, any modern method (% of married women ages 15-49)","SP.DYN.CONM.ZS","","","","","","","","","","","","","","","","","","","","","","","","","","","78","","","","","","","82","","80","80","74","77","73","69","75","77","79","78","76","74","84","76","84","","71.1","71.1","","","","","","","","",
"Georgia","GEO","Contraceptive prevalence, any modern method (% of married women ages 15-49)","SP.DYN.CONM.ZS","","","","","","","","","","","","","","","","","","","","","","","","","","","","","","","","","","","","","","","","19.8","19.8","","","","","21.6","31.4","","","23","34.7","","","","","","","","31.2","","",
"Ghana","GHA","Contraceptive prevalence, any modern method (% of married women ages 15-49)","SP.DYN.CONM.ZS","","","","","","","","","","","","","","","","","","","","","5.5","","","","","","","","5.2","","","","7.2","10.1","10.1","","","","13.3","13.3","","","","18.7","","","14","","16.6","","","24.8","","18.8","22.2","29.1","26.3","25","24.3","","",
"Gibraltar","GIB","Contraceptive prevalence, any modern method (% of married women ages 15-49)","SP.DYN.CONM.ZS","","","","","","","","","","","","","","","","","","","","","","","","","","","","","","","","","","","","","","","","","","","","","","","","","","","","","","","","","","","","","",
"Guinea","GIN","Contraceptive prevalence, any modern method (% of married women ages 15-49)","SP.DYN.CONM.ZS","","","","","","","","","","","","","","","","","","","","","","","","","","","","","","","","","1","","","","","","","4.2","","","","","","5.7","","","","","","","4.6","","","","7.8","","10.6","","",
"Gambia, The","GMB","Contraceptive prevalence, any modern method (% of married women ages 15-49)","SP.DYN.CONM.ZS","","","","","","","","","","","","","","","","","","","","","","","","","","","","","","","6.7","","","","","","","","","","8.7","13.4","","","","","","","","","10.2","","","8.1","","","","","16.3","","17.1",
"Guinea-Bissau","GNB","Contraceptive prevalence, any modern method (% of married women ages 15-49)","SP.DYN.CONM.ZS","","","","","","","","","","","","","","","","","","","","","","","","","","","","","","","","","","","","","","","","","4.4","","","","","","9.5","","","","13.1","","","","14.4","","","","","20.2","",
"Equatorial Guinea","GNQ","Contraceptive prevalence, any modern method (% of married women ages 15-49)","SP.DYN.CONM.ZS","","","","","","","","","","","","","","","","","","","","","","","","","","","","","","","","","","","","","","","","","5.6","","","","","","","","","","","9.6","","","","","","","","","",
"Greece","GRC","Contraceptive prevalence, any modern method (% of married women ages 15-49)","SP.DYN.CONM.ZS","","","","","","","","","","","","","","","","","","","","","","","","","","","","","","","","","","","","","","","","33.6","","","","","","","","","","","","","","","","","","","","","",
"Grenada","GRD","Contraceptive prevalence, any modern method (% of married women ages 15-49)","SP.DYN.CONM.ZS","","","","","","","","","","","","","","","","","","","","","","","","","","27.4","","","","","52.1","","","","","","","","","","","","","","","","","","","","","","","","","","","","","","",
"Greenland","GRL","Contraceptive prevalence, any modern method (% of married women ages 15-49)","SP.DYN.CONM.ZS","","","","","","","","","","","","","","","","","","","","","","","","","","","","","","","","","","","","","","","","","","","","","","","","","","","","","","","","","","","","","",
"Guatemala","GTM","Contraceptive prevalence, any modern method (% of married women ages 15-49)","SP.DYN.CONM.ZS","","","","","","","","","","","","","","","","","","","15.2","","","","","20.6","","","","19","","","","","","","","26.9","","","","30.9","","","34.4","","","","","","","44","","","","","","48.9","","","","","",
"Guam","GUM","Contraceptive prevalence, any modern method (% of married women ages 15-49)","SP.DYN.CONM.ZS","","","","","","","","","","","","","","","","","","","","","","","","","","","","","","","","","","","","","","","","","","","","","","","","","","","","","","","","","","","","","",
"Guyana","GUY","Contraceptive prevalence, any modern method (% of married women ages 15-49)","SP.DYN.CONM.ZS","","","","","","","","","","","","","","","","23.4","","","","","","","","","","","","","","","","","36.9","","","","","","","","36.3","","","","","33.6","","33","","40","","","","","32.6","","","","","","",
"High income","HIC","Contraceptive prevalence, any modern method (% of married women ages 15-49)","SP.DYN.CONM.ZS","","","","","","","","","","","","","","","","","","","","","","","","","","","","","","","","","","","","","","","","","64.3576055598801","","","","","","","","","","","","","","","","","","","","",
"Hong Kong SAR, China","HKG","Contraceptive prevalence, any modern method (% of married women ages 15-49)","SP.DYN.CONM.ZS","","","","","","","","","","","","","43.3","","","","","64","","","","","63.9","","","","","75","","","","","79.7","","","","","80.9","","","","","81.3","","","","","75.4","","","","","71.9","","","","","64.5","","","",
"Honduras","HND","Contraceptive prevalence, any modern method (% of married women ages 15-49)","SP.DYN.CONM.ZS","","","","","","","","","","","","","","","","","","","","","","23.6","","","30.4","","","32.9","","","","","34.7","","","","40.3","","","","","51","","","","","56.4","","","","","","63.8","","","","","","","","",
"Heavily indebted poor countries (HIPC)","HPC","Contraceptive prevalence, any modern method (% of married women ages 15-49)","SP.DYN.CONM.ZS","","","","","","","","","","","","","","","","","","","","","","","","","","","","","","","5.60721519303327","","","","","","","","","","11.6929488407567","","","","","","","","","","20.1175158537084","","","","","","","","27.0447535090403","","",
"Croatia","HRV","Contraceptive prevalence, any modern method (% of married women ages 15-49)","SP.DYN.CONM.ZS","","","","","","","","","","","","","","","","","","","","","","","","","","","","","","","","","","","","","","","","","","","","","","","","","","","","","","","","","","","","","",
"Haiti","HTI","Contraceptive prevalence, any modern method (% of married women ages 15-49)","SP.DYN.CONM.ZS","","","","","","","","","","","","","","","","","","5.4","","","","","","3.9","","","","5","","9.4","","","","","","13.2","","","","","22.8","","","","","","24.8","","","","","","31.3","","","","","31.8","","","",
"Hungary","HUN","Contraceptive prevalence, any modern method (% of married women ages 15-49)","SP.DYN.CONM.ZS","","","","","","","18.5","","","31","","","40","","44","52","","52.2","","","","","","","","","62.3","","","","","","","71.3","","","","","","","","","","","","","","","","54.1","","","","","","","","","","","",
"IBRD only","IBD","Contraceptive prevalence, any modern method (% of married women ages 15-49)","SP.DYN.CONM.ZS","","","","","","","","","","","","","","","","","","","","","","","","","","","","","","","55.0558974905286","","","","","","","","","","61.749038445603","","","","","","","","","","","","","","","","","","61.13755526805","","",
"IDA & IBRD total","IBT","Contraceptive prevalence, any modern method (% of married women ages 15-49)","SP.DYN.CONM.ZS","","","","","","","","","","","","","","","","","","","","","","","","","","","","","","","47.6816941024684","","","","","","","","","","53.3069822584989","","","","","","","","","","44.2495051488301","","","","","","","","53.2761888725464","","",
"IDA total","IDA","Contraceptive prevalence, any modern method (% of married women ages 15-49)","SP.DYN.CONM.ZS","","","","","","","","","","","","","","","","","","","","","","","","","","","","","","","11.9386469290527","","","","","","","","","","21.4215803553991","","","","","","","","","","25.8403979861939","","","","","","","","31.4366094118388","","",
"IDA blend","IDB","Contraceptive prevalence, any modern method (% of married women ages 15-49)","SP.DYN.CONM.ZS","","","","","","","","","","","","","","","","","","","","","","","","","","","","","","","8.80160081429492","","","","","","","","","","21.3712834924721","","","","","","","","","","20.663840651087","","","","","","","","23.7915880907908","","",
"Indonesia","IDN","Contraceptive prevalence, any modern method (% of married women ages 15-49)","SP.DYN.CONM.ZS","","","","","","","","","","","","","","7.2","","","22.9","","","24.6","","","","","","36.9","","43.9","","","","47.1","","51.2","52.1","52.5","52.6","54.7","54.2","54.3","53.8","51.8","","56.7","","57.5","56.5","57.4","57.4","58.8","59.5","59.4","57.9","60.9","60.5","59.1","58.2","57.2","","","",
"IDA only","IDX","Contraceptive prevalence, any modern method (% of married women ages 15-49)","SP.DYN.CONM.ZS","","","","","","","","","","","","","","","","","","","","","","","","","","","","","","","13.8045192047984","","","","","","","","","","21.4474752824529","","","","","","","","","","28.4665176939437","","","","","","","","35.2203037612333","","",
"Isle of Man","IMN","Contraceptive prevalence, any modern method (% of married women ages 15-49)","SP.DYN.CONM.ZS","","","","","","","","","","","","","","","","","","","","","","","","","","","","","","","","","","","","","","","","","","","","","","","","","","","","","","","","","","","","","",
"India","IND","Contraceptive prevalence, any modern method (% of married women ages 15-49)","SP.DYN.CONM.ZS","","","","","","","","","","","","9.5","","","","","","","","","","28.1","","","","","","","39.9","","","","","36.5","","","","","","42.8","42.3","","","45.7","45.7","","48.5","","48.2","","","","","","","","47.8","","","","",
"Not classified","INX","Contraceptive prevalence, any modern method (% of married women ages 15-49)","SP.DYN.CONM.ZS","","","","","","","","","","","","","","","","","","","","","","","","","","","","","","","","","","","","","","","","","","","","","","","","","","","","","","","","","","","","","",
"Ireland","IRL","Contraceptive prevalence, any modern method (% of married women ages 15-49)","SP.DYN.CONM.ZS","","","","","","","","","","","","","","","","","","","","","","","","","","","","","","","","","","","","","","","","","","","","","67.4","61.4","","","","","70.9","","","","","","","","","","",
"Iran, Islamic Rep.","IRN","Contraceptive prevalence, any modern method (% of married women ages 15-49)","SP.DYN.CONM.ZS","","","","","","","","","","","","","","","","","","25.9","","","","","","","","","","","","30.5","","","44.6","49.2","51.1","53.6","56.1","56","","","56","","59","","","","","","","","57","57","","","","","","","","","",
"Iraq","IRQ","Contraceptive prevalence, any modern method (% of married women ages 15-49)","SP.DYN.CONM.ZS","","","","","","","","","","","","","","","12.9","","","","","","","","","","","","","","","10.4","","","","","","","","","","","25.4","","","","","","32.8","","","","","33.6","","","","","","","36.1","","",
"Iceland","ISL","Contraceptive prevalence, any modern method (% of married women ages 15-49)","SP.DYN.CONM.ZS","","","","","","","","","","","","","","","","","","","","","","","","","","","","","","","","","","","","","","","","","","","","","","","","","","","","","","","","","","","","","",
"Israel","ISR","Contraceptive prevalence, any modern method (% of married women ages 15-49)","SP.DYN.CONM.ZS","","","","","","","","","","","","","","","","","","","","","","","","","","","","","51.9","","","","","","","","","","","","","","","","","","","","","","","","","","","","","","","","",
"Italy","ITA","Contraceptive prevalence, any modern method (% of married women ages 15-49)","SP.DYN.CONM.ZS","","","","","","","","","","","","","","","","","","","","32.7","","","","","","","","","","","","","","","","","40.5","","","","","","","","","","","","","","","","","51.8","","","","","","","",
"Jamaica","JAM","Contraceptive prevalence, any modern method (% of married women ages 15-49)","SP.DYN.CONM.ZS","","","","","","","","","","","","","","","","","36.2","","","54.2","","","","48.4","","","","","","51.2","","","","58.3","","","","62.7","","","","","","66.1","","","","","68.4","68.4","","","","","","","","","","","",
"Jordan","JOR","Contraceptive prevalence, any modern method (% of married women ages 15-49)","SP.DYN.CONM.ZS","","","","","","","","","","","","","17.6","","","","17.4","","","","","","","20.8","","","","","","","26.9","","","","","","","37.7","","","","","41.2","","","","","41.9","","42","","","42.3","","","","","","37.4","","",
"Japan","JPN","Contraceptive prevalence, any modern method (% of married women ages 15-49)","SP.DYN.CONM.ZS","","39.2","","43.8","","54.1","","49.1","","52.1","","52.6","","59.3","","60.5","","60.4","","62.2","","","","","57.3","","62.7","56.6","51.7","","52.5","","57","","52.8","","50.6","50.7","48","","48.3","","","","44.4","44.4","","","","","","","","","39","33.1","","","","","",
"Kazakhstan","KAZ","Contraceptive prevalence, any modern method (% of married women ages 15-49)","SP.DYN.CONM.ZS","","","","","","","","","","","","","","","","","","","","","","","","","","","","","","","","","","","","46.1","","","","52.8","","","","","","","49.4","","","","","49.7","","","","53.6","","","50.1","","",
"Kenya","KEN","Contraceptive prevalence, any modern method (% of married women ages 15-49)","SP.DYN.CONM.ZS","","","","","","","","","","","","","","","","","","","4.4","","","","","","9.7","","","","","17.9","","","","27.3","","","","","31.5","","","","","31.5","","","","","","39.4","","","","","53.2","62.4","59.8","59","60.7","56.4","",
"Kyrgyz Republic","KGZ","Contraceptive prevalence, any modern method (% of married women ages 15-49)","SP.DYN.CONM.ZS","","","","","","","","","","","","","","","","","","","","","","","","","","","","","","","","","","","","","","48.9","","","","","","","","","45.7","","","","","","33.7","","39.9","","","49","37.8","","",
"Cambodia","KHM","Contraceptive prevalence, any modern method (% of married women ages 15-49)","SP.DYN.CONM.ZS","","","","","","","","","","","","","","","","","","","","","","","","","","","","","","","","","","","","6.9","","","16.1","","18.8","","","","","27.2","27.2","","","","34.9","34.9","","","38.8","","","","","","",
"Kiribati","KIR","Contraceptive prevalence, any modern method (% of married women ages 15-49)","SP.DYN.CONM.ZS","","","","","","","","","","","","","","","","","","","","","","","","","","","","","","","","","","","","","","","","","","","","","","","","","","18","","","","","","","","","","27.3","",
"St. Kitts and Nevis","KNA","Contraceptive prevalence, any modern method (% of married women ages 15-49)","SP.DYN.CONM.ZS","","","","","","","","","","","","","","","","","","","","","","","","","37","","","","","","","","","","","","","","","","","","","","","","","","","","","","","","","","","","","","",
"Korea, Rep.","KOR","Contraceptive prevalence, any modern method (% of married women ages 15-49)","SP.DYN.CONM.ZS","","","","","","14","15","","","","","20.1","","","27","","32.9","","","43.1","","","47.4","","","59.4","","","70.1","","","69.5","","","66.8","","","73.7","","","71.45","","","71.2","","","72.95","","","66.4","","","","","","","","","","","",
"Kuwait","KWT","Contraceptive prevalence, any modern method (% of married women ages 15-49)","SP.DYN.CONM.ZS","","","","","","","","","","","","","","","","","","","","","","","","","","37.3","","31.7","","","","","","","47.4","","40.9","","","39.3","","","","","","","","","","","","","","","","","","","","","",
"Latin America & Caribbean (excluding high income)","LAC","Contraceptive prevalence, any modern method (% of married women ages 15-49)","SP.DYN.CONM.ZS","","","","","","","","","","","","","","","","","","","","","","","","","","","","","","","","","","","","","","","","","","","","","","","","","","","","","","","","","","","","","",
"Lao PDR","LAO","Contraceptive prevalence, any modern method (% of married women ages 15-49)","SP.DYN.CONM.ZS","","","","","","","","","","","","","","","","","","","","","","","","","","","","","","","","","","15.1","","","","","","","28.9","","","","","35","","","","","","","42.7","","","","","51","","","",
"Lebanon","LBN","Contraceptive prevalence, any modern method (% of married women ages 15-49)","SP.DYN.CONM.ZS","","","","","","","","","","","","23","","","","","","","","","","","","","46.7","","","","","","","","","","","","37.2","","","","40.4","","","","34.2","","","","","46.8","","","","","","","","","","","",
"Liberia","LBR","Contraceptive prevalence, any modern method (% of married women ages 15-49)","SP.DYN.CONM.ZS","","","","","","","","","","","","","","","","","","","","","","","","","","","5.5","","","","","","","","","","","","","","","","","","","","","10.3","","","","","","19.1","","","","","","","23.9",
"Libya","LBY","Contraceptive prevalence, any modern method (% of married women ages 15-49)","SP.DYN.CONM.ZS","","","","","","","","","","","","","","","","","","","","","","","","","","","","","","","","","","","","25.7","","","","","","","","23.7","","","","20.4","","","","","","","16.3","","","","","","",
"St. Lucia","LCA","Contraceptive prevalence, any modern method (% of married women ages 15-49)","SP.DYN.CONM.ZS","","","","","","","","","","","","","","","","","","","","","","","","","","","","","45.9","","","","","","","","","","","","","","","","","","","","","","","","52.4","","","","","","","","",
"Latin America & Caribbean","LCN","Contraceptive prevalence, any modern method (% of married women ages 15-49)","SP.DYN.CONM.ZS","","","","","","","","","","","","","","","","","","","","","","","","","","","","","","","","","","","","","","","","","","","","","","","","","","","","","","","","","","","","","",
"Least developed countries: UN classification","LDC","Contraceptive prevalence, any modern method (% of married women ages 15-49)","SP.DYN.CONM.ZS","","","","","","","","","","","","","","","","","","","","","","","","","","","","","","","13.7516064965305","","","","","","","","","","20.4202975694319","","","","","","","","","","27.3415333576496","","","","","","","","35.3450807282606","","",
"Low income","LIC","Contraceptive prevalence, any modern method (% of married women ages 15-49)","SP.DYN.CONM.ZS","","","","","","","","","","","","","","","","","","","","","","","","","","","","","","","10.1253749893919","","","","","","","","","","13.6466626123176","","","","","","","","","","21.1857357484393","","","","","","","","28.5336810446919","","",
"Liechtenstein","LIE","Contraceptive prevalence, any modern method (% of married women ages 15-49)","SP.DYN.CONM.ZS","","","","","","","","","","","","","","","","","","","","","","","","","","","","","","","","","","","","","","","","","","","","","","","","","","","","","","","","","","","","","",
"Sri Lanka","LKA","Contraceptive prevalence, any modern method (% of married women ages 15-49)","SP.DYN.CONM.ZS","","","","","","","","","","","","","","","","20.2","","26.9","","","","","31.9","","","","","40.6","","","","","","43.6","","","","","","","49.5","","","","","","","52.5","","","","","","","","","53.6","","","","",
"Lower middle income","LMC","Contraceptive prevalence, any modern method (% of married women ages 15-49)","SP.DYN.CONM.ZS","","","","","","","","","","","","","","","","","","","","","","","","","","","","","","","33.8886468260358","","","","","","","","","","39.8728119126634","","","","","","","","","","45.0394712381546","","","","","","","","44.8209714323989","","",
"Low & middle income","LMY","Contraceptive prevalence, any modern method (% of married women ages 15-49)","SP.DYN.CONM.ZS","","","","","","","","","","","","","","","","","","","","","","","","","","","","","","","47.9321655572571","","","","","","","","","","53.3170218852977","","","","","","","","","","44.5038444367332","","","","","","","","53.3272374924262","","",
"Lesotho","LSO","Contraceptive prevalence, any modern method (% of married women ages 15-49)","SP.DYN.CONM.ZS","","","","","","","","","","","","","","","","","","3","","","","","","","","","","","","","","","","","","","","","","","29.6","36.1","34.7","","35.2","35.2","","","","45.6","45.6","60.8","","","59.8","","","","64.6","","",
"Late-demographic dividend","LTE","Contraceptive prevalence, any modern method (% of married women ages 15-49)","SP.DYN.CONM.ZS","","","","","","","","","","","","","","","","","","","","","","","","","","","","","","","67.878744297535","","","","","","","","","","79.9551653866398","","","","","","","","","","","","","","","","","","75.223132463474","","",
"Lithuania","LTU","Contraceptive prevalence, any modern method (% of married women ages 15-49)","SP.DYN.CONM.ZS","","","","","","","","","","","","","","","","","","","","","","","","","","","","","","","","","","","","33.2","","","","","","","","","","","52.3","","","51.4","","","","","","","","","","","",
"Luxembourg","LUX","Contraceptive prevalence, any modern method (% of married women ages 15-49)","SP.DYN.CONM.ZS","","","","","","","","","","","","","","","","","","","","","","","","","","","","","","","","","","","","","","","","","","","","","","","","","","","","","","","","","","","","","",
"Latvia","LVA","Contraceptive prevalence, any modern method (% of married women ages 15-49)","SP.DYN.CONM.ZS","","","","","","","","","","","","","","","","","","","","","","","","","","","","","","","","","","","","55.6","","","","","","","","","","","","","","","","","","","","","","","","","",
"Macao SAR, China","MAC","Contraceptive prevalence, any modern method (% of married women ages 15-49)","SP.DYN.CONM.ZS","","","","","","","","","","","","","","","","","","","","","","","","","","","","","","","","","","","","","","","","","","","","","","","","","","","","","","","","","","","","","",
"St. Martin (French part)","MAF","Contraceptive prevalence, any modern method (% of married women ages 15-49)","SP.DYN.CONM.ZS","","","","","","","","","","","","","","","","","","","","","","","","","","","","","","","","","","","","","","","","","","","","","","","","","","","","","","","","","","","","","",
"Morocco","MAR","Contraceptive prevalence, any modern method (% of married women ages 15-49)","SP.DYN.CONM.ZS","","","","","","","","","","","","","","","","","","","","","16.4","","","","21.2","","","28.9","","","","","35.5","","","42.4","","48.8","","","","","","","54.8","","","","","","","58.6","","","","","","","59.1","","",
"Monaco","MCO","Contraceptive prevalence, any modern method (% of married women ages 15-49)","SP.DYN.CONM.ZS","","","","","","","","","","","","","","","","","","","","","","","","","","","","","","","","","","","","","","","","","","","","","","","","","","","","","","","","","","","","","",
"Moldova","MDA","Contraceptive prevalence, any modern method (% of married women ages 15-49)","SP.DYN.CONM.ZS","","","","","","","","","","","","","","","","","","","","","","","","","","","","","","","","","","","","","","50.1","","","43.7","","","","","43.8","","","","","","","42.3","","","","","","","","43.9",
"Madagascar","MDG","Contraceptive prevalence, any modern method (% of married women ages 15-49)","SP.DYN.CONM.ZS","","","","","","","","","","","","","","","","","","","","","","","","","","","","","","","","","5.1","","","","","9.7","","12.9","12.4","","","","18.3","","","","","29.2","","","","33.3","","","","38.9","40.4","","",
"Maldives","MDV","Contraceptive prevalence, any modern method (% of married women ages 15-49)","SP.DYN.CONM.ZS","","","","","","","","","","","","","","","","","","","","","","","","","","","","","","","","19","","","","","","","","33","","","","","34","","","","","27","","","","","","","","14.9","","","",
"Middle East & North Africa","MEA","Contraceptive prevalence, any modern method (% of married women ages 15-49)","SP.DYN.CONM.ZS","","","","","","","","","","","","","","","","","","","","","","","","","","","","","","","34.2384980090571","","","","","","","","","","49.6183222552867","","","","","","","","","","51.535578774827","","","","","","","","","","",
"Mexico","MEX","Contraceptive prevalence, any modern method (% of married women ages 15-49)","SP.DYN.CONM.ZS","","","","","","","","","","","","","","","","","","23.3","32.8","32","","","41.5","","","","","44.6","","","","","55.2","","","57.5","","59.5","","","","","","69.3","","","66.5","","","67.4","","","","","68.4","65","","","69.8","","",
"Marshall Islands","MHL","Contraceptive prevalence, any modern method (% of married women ages 15-49)","SP.DYN.CONM.ZS","","","","","","","","","","","","","","","","","","","","","","","","","","","","","","","","","","","","","","","","","","","","","","","","42.4","","","","","","","","","","","","","",
"Middle income","MIC","Contraceptive prevalence, any modern method (% of married women ages 15-49)","SP.DYN.CONM.ZS","","","","","","","","","","","","","","","","","","","","","","","","","","","","","","","50.0491821372527","","","","","","","","","","56.2332148016491","","","","","","","","","","","","","","","","","","55.9791908471401","","",
"North Macedonia","MKD","Contraceptive prevalence, any modern method (% of married women ages 15-49)","SP.DYN.CONM.ZS","","","","","","","","","","","","","","","","","","","","","","","","","","","","","","","","","","","","","","","","","","","","","","","","","","","","13","","","","","","","","14","",
"Mali","MLI","Contraceptive prevalence, any modern method (% of married women ages 15-49)","SP.DYN.CONM.ZS","","","","","","","","","","","","","","","","","","","","","","","","","","","","1.3","","","","","","","","","4.5","","","","","5.7","","","","","6.9","","","","9","","","9.9","","15.1","","","16.4","","",
"Malta","MLT","Contraceptive prevalence, any modern method (% of married women ages 15-49)","SP.DYN.CONM.ZS","","","","","","","","","","","","16","","","","","","","","","","","","","","","","","","","","","","46","","","","","","","","","","","","","","","","","","","","","","","","","","","",
"Myanmar","MMR","Contraceptive prevalence, any modern method (% of married women ages 15-49)","SP.DYN.CONM.ZS","","","","","","","","","","","","","","","","","","","","","","","","","","","","","","","","13.6","","","","","","28.3","","","","28.9","","","","","","38.4","","","","","","","","","51.3","","","","",
"Middle East & North Africa (excluding high income)","MNA","Contraceptive prevalence, any modern method (% of married women ages 15-49)","SP.DYN.CONM.ZS","","","","","","","","","","","","","","","","","","","","","","","","","","","","","","","34.001570699877","","","","","","","","","","49.9566605650344","","","","","","","","","","51.906231779353","","","","","","","","","","",
"Montenegro","MNE","Contraceptive prevalence, any modern method (% of married women ages 15-49)","SP.DYN.CONM.ZS","","","","","","","","","","","","","","","","","","","","","","","","","","","","","","","","","","","","","","","","","30.7","","","","","","17.4","","","","","","","15.4","","","","","11.6","","",
"Mongolia","MNG","Contraceptive prevalence, any modern method (% of married women ages 15-49)","SP.DYN.CONM.ZS","","","","","","","","","","","","","","","","","","","","","","","","","","","","","","","","","","","41.2","","41.2","","45.7","","58.8","","","58.4","","60.9","","","49.6","","50.4","","","48.2","","","","","45.2","","",
"Northern Mariana Islands","MNP","Contraceptive prevalence, any modern method (% of married women ages 15-49)","SP.DYN.CONM.ZS","","","","","","","","","","","","","","","","","","","","","","","","","","","","","","","","","","","","","","","","","","","","","","","","","","","","","","","","","","","","","",
"Mozambique","MOZ","Contraceptive prevalence, any modern method (% of married women ages 15-49)","SP.DYN.CONM.ZS","","","","","","","","","","","","","","","","","","","","","","","","","","","","","","","","","","","","","","5.1","","","","","","11.7","12.9","","","","14.7","10.4","","11.3","","","","25.3","","","","","",
"Mauritania","MRT","Contraceptive prevalence, any modern method (% of married women ages 15-49)","SP.DYN.CONM.ZS","","","","","","","","","","","","","","","","","","","","","","0.3","","","","","","","","","","1.3","","","","","","","","","","5.1","","","","","","8","","","","10","","","","15.6","","","","","",
"Mauritius","MUS","Contraceptive prevalence, any modern method (% of married women ages 15-49)","SP.DYN.CONM.ZS","","","","","","","","","","","","","","","","","","","","","","","","","","48.5","","","","","","48.9","","","","","","","","","","","38.6","","","","","","","","","","","","31.1","","","","","","",
"Malawi","MWI","Contraceptive prevalence, any modern method (% of married women ages 15-49)","SP.DYN.CONM.ZS","","","","","","","","","","","","","","","","","","","","","","","","","3.2","","","","","","","","7.4","","","","14.4","","","","26.1","","","","28.1","28.1","38.6","","","","42.2","","","","57.4","","58.1","","","","",
"Malaysia","MYS","Contraceptive prevalence, any modern method (% of married women ages 15-49)","SP.DYN.CONM.ZS","","","","","","","","6.2","","","","","","","23.7","","","","","","","","","","29.8","29.8","","","31.4","","","","","","30.4","","","","","","","","","","32.3","","","","","","","","","","34.3","","","","","","",
"North America","NAC","Contraceptive prevalence, any modern method (% of married women ages 15-49)","SP.DYN.CONM.ZS","","","","","","","","","","","","","","","","","","","","","","","","","","","","","","","66.6","","","","","","","","","","65.5655724063777","","","","","","","","","","70.4","","","","","","","","66.1","","",
"Namibia","NAM","Contraceptive prevalence, any modern method (% of married women ages 15-49)","SP.DYN.CONM.ZS","","","","","","","","","","","","","","","","","","","","","","","","","","","","","","32.1","","","26","","","","","","","","42.6","","","","","","","53.4","","","","","","55.3","","","","","","","",
"New Caledonia","NCL","Contraceptive prevalence, any modern method (% of married women ages 15-49)","SP.DYN.CONM.ZS","","","","","","","","","","","","","","","","","","","","","","","","","","","","","","","","","","","","","","","","","","","","","","","","","","","","","","","","","","","","","",
"Niger","NER","Contraceptive prevalence, any modern method (% of married women ages 15-49)","SP.DYN.CONM.ZS","","","","","","","","","","","","","","","","","","","","","","","","","","","","","","","","","2.3","","","","","","4.6","","11.2","","","","","","5","","","","","","12.2","","","13.2","14.8","18.2","10.5","","",
"Nigeria","NGA","Contraceptive prevalence, any modern method (% of married women ages 15-49)","SP.DYN.CONM.ZS","","","","","","","","","","","","","","","","","","","","","","","0.9","","","","","","","","3.5","","","","","","","","","8.5","","","","8.2","","","","10.5","9.7","","","11.5","10.7","9.8","","","16.7","10.7","12","","",
"Nicaragua","NIC","Contraceptive prevalence, any modern method (% of married women ages 15-49)","SP.DYN.CONM.ZS","","","","","","","","","","","","","","","","","","","","","","22.8","","","","","","","","","","","","45.1","","","","","57.4","","","66.1","","","","","","69.8","","","","","77.4","","","","","","","","",
"Netherlands","NLD","Contraceptive prevalence, any modern method (% of married women ages 15-49)","SP.DYN.CONM.ZS","","","","","","","","","","41.6","","","","","","69.1","","","","","","","73.8","","","","","","72.1","","","","","75.6","","","","","74","","","","","73","","","","","72","","","","","70","","","","","","","",
"Norway","NOR","Contraceptive prevalence, any modern method (% of married women ages 15-49)","SP.DYN.CONM.ZS","","","","","","","","","","","","","","","","","","","","","","","","","","","","","","69.2","","","","","","","","","","","","","","","","","","","","","","","","","","","","","","","",
"Nepal","NPL","Contraceptive prevalence, any modern method (% of married women ages 15-49)","SP.DYN.CONM.ZS","","","","","","","","","","","","","","","","","2.4","","","","","6.8","","","","","15.1","","","","","","24.1","","","","26","","","","37.1","35.4","","","37.9","","44.2","","","","","43.2","","","47.1","","42.8","42.8","","44.2","",
"Nauru","NRU","Contraceptive prevalence, any modern method (% of married women ages 15-49)","SP.DYN.CONM.ZS","","","","","","","","","","","","","","","","","","","","","","","","","","","","","","","","","","","","","","","","","","","","","","","","25.1","","","","","","","","","","","","","",
"New Zealand","NZL","Contraceptive prevalence, any modern method (% of married women ages 15-49)","SP.DYN.CONM.ZS","","","","","","","","","","","","","","","","","61.5","","","","","","","","","","","","","","","","","","","72.3","","","","","","","","","","","","","","","","","","","","","","","","","",
"OECD members","OED","Contraceptive prevalence, any modern method (% of married women ages 15-49)","SP.DYN.CONM.ZS","","","","","","","","","","","","","","","","","","","","","","","","","","","","","","","58.8936484830158","","","","","","","","","","61.7608656329919","","","","","","","","","","67.2899432706302","","","","","","","","","","",
"Oman","OMN","Contraceptive prevalence, any modern method (% of married women ages 15-49)","SP.DYN.CONM.ZS","","","","","","","","","","","","","","","","","","","","","","","","","","","","","","7.5","","","","","","18.2","","","","","24.6","","","","","","","","15.3","","","","","","18.8","","","","","","",
"Other small states","OSS","Contraceptive prevalence, any modern method (% of married women ages 15-49)","SP.DYN.CONM.ZS","","","","","","","","","","","","","","","","","","","","","","","","","","","","","","","","","","","","","","","","","25.9607021182295","","","","","","","","","","","","","","","","","","","","",
"Pakistan","PAK","Contraceptive prevalence, any modern method (% of married women ages 15-49)","SP.DYN.CONM.ZS","","","","","","","","","","","","","","","","3.9","","","","","","","","","","7.6","","","","","","9","","17.6","","12.6","","16.9","","","","20.2","","25.2","","","18.4","21.7","19.3","","","","21.68","26.1","23","","","","25","23.4","",
"Panama","PAN","Contraceptive prevalence, any modern method (% of married women ages 15-49)","SP.DYN.CONM.ZS","","","","","","","","","","","","","","","","","45.9","","","54.1","","","","","54.2","54.2","","","","","","","","","","","","","","","","","","","","","","","","59.5","","","","60.3","","46.9","","","","","",
"Peru","PER","Contraceptive prevalence, any modern method (% of married women ages 15-49)","SP.DYN.CONM.ZS","","","","","","","","","","","10","","","","","","","","11.2","","","17.6","","","","","23","","","","","","32.8","","","","41.3","","","","50.4","","","","","47.6","47.6","","48.8","50","50.5","51.1","51.8","51.3","52.2","53.3","54.3","54.5","55","","",
"Philippines","PHL","Contraceptive prevalence, any modern method (% of married women ages 15-49)","SP.DYN.CONM.ZS","","","","","","","","","","","","","","","","","","","16.2","","","","","","","","","","","","","","","24.9","","25.4","30.2","30.9","28.2","32.4","32.1","33.1","35.1","33.4","35.1","36","35.9","","34","","","36.9","","37.6","","","","40.4","","","",
"Palau","PLW","Contraceptive prevalence, any modern method (% of married women ages 15-49)","SP.DYN.CONM.ZS","","","","","","","","","","","","","","","","","","","","","","","","","","","","","","","","","","","","","","","","","","","","","","","","","","","","","","","","","","","","","",
"Papua New Guinea","PNG","Contraceptive prevalence, any modern method (% of married women ages 15-49)","SP.DYN.CONM.ZS","","","","","","","","","","","","","","","","","","","","","","","","","","","","","","","","","","","","","19.6","19.6","","","","","","","","","24.3","24.3","","","","","","","","","","30.5","30.5","","",
"Poland","POL","Contraceptive prevalence, any modern method (% of married women ages 15-49)","SP.DYN.CONM.ZS","","","","","","","","","","","","","13.2","","","","","26.3","","","","","","","","","","","","","","28","","","","","","","","","","","","","","","","","","","","41.3","","","50.7","","","","","","",
"Pre-demographic dividend","PRE","Contraceptive prevalence, any modern method (% of married women ages 15-49)","SP.DYN.CONM.ZS","","","","","","","","","","","","","","","","","","","","","","","","","","","","","","","5.54127391998616","","","","","","","","","","11.6594696883781","","","","","","","","","","16.5116193716429","","","","","","","","23.0134493966872","","",
"Puerto Rico","PRI","Contraceptive prevalence, any modern method (% of married women ages 15-49)","SP.DYN.CONM.ZS","","","","","","","","","","","","","","","","","","","","","","","62.1","","","","","","","","","","","","","","67.6","","","","","","","","","","","","","","","","","","","","","","","","",
"Korea, Dem. People's Rep.","PRK","Contraceptive prevalence, any modern method (% of married women ages 15-49)","SP.DYN.CONM.ZS","","","","","","","","","","","","","","","","","","","","","","","","","","","","","","","","53","","","","","","55.8","","","","","58.2","","56.3","","58.5","","","","65.3","","","","76.5","","","68.8","","","",
"Portugal","PRT","Contraceptive prevalence, any modern method (% of married women ages 15-49)","SP.DYN.CONM.ZS","","","","","","","","","","","","","","","","","","","","","37.7","","","","","","","","","","","","","","","","","","","","","","","","","","","","","","","","","","","","","","","","",
"Paraguay","PRY","Contraceptive prevalence, any modern method (% of married women ages 15-49)","SP.DYN.CONM.ZS","","","","","","","","","","","","","","","","","","23.3","","25.4","","","","","","","","29","","","35.2","","","","","","41.3","","47.7","","","","","","60.5","","","","70.7","","","","","","","","66.4","","","","",
"West Bank and Gaza","PSE","Contraceptive prevalence, any modern method (% of married women ages 15-49)","SP.DYN.CONM.ZS","","","","","","","","","","","","","","","","","","","","","","","","","","","","","","","","","","","","","30.7","","","","36.7","","","","37.6","","38.9","38.9","","","41.4","","","","44","","","","","","42.8",
"Pacific island small states","PSS","Contraceptive prevalence, any modern method (% of married women ages 15-49)","SP.DYN.CONM.ZS","","","","","","","","","","","","","","","","","","","","","","","","","","","","","","","","","","","","","","","","","","","","","","","","","","","","","","","","","","","","","",
"Post-demographic dividend","PST","Contraceptive prevalence, any modern method (% of married women ages 15-49)","SP.DYN.CONM.ZS","","","","","","","","","","","","","","","","","","","","","","","","","","","","","","","","","","","","","","","","","62.1205666463157","","","","","","","","","","68.8494784317717","","","","","","","","","","",
"French Polynesia","PYF","Contraceptive prevalence, any modern method (% of married women ages 15-49)","SP.DYN.CONM.ZS","","","","","","","","","","","","","","","","","","","","","","","","","","","","","","","","","","","","","","","","","","","","","","","","","","","","","","","","","","","","","",
"Qatar","QAT","Contraceptive prevalence, any modern method (% of married women ages 15-49)","SP.DYN.CONM.ZS","","","","","","","","","","","","","","","","","","","","","","","","","","","","28.9","","","","","","","","","","","32.3","","","","","","","","","","","","","","34.3","","","","","","","","",
"Romania","ROU","Contraceptive prevalence, any modern method (% of married women ages 15-49)","SP.DYN.CONM.ZS","","","","","","","","","","","","","","","","","","","","","","","","","","","","","","","","","","13.9","","","","","","29.5","","","","","38.2","50.5","","","","","","","","","","","","","","","",
"Russian Federation","RUS","Contraceptive prevalence, any modern method (% of married women ages 15-49)","SP.DYN.CONM.ZS","","","","","","","","","","","","","","","","","","","","","","","","","","","","","","","","","","44.4","48.6","47.5","47.1","","","","","","","","56.6","","","51.5","","","54.4","55","","","","","","","","","",
"Rwanda","RWA","Contraceptive prevalence, any modern method (% of married women ages 15-49)","SP.DYN.CONM.ZS","","","","","","","","","","","","","","","","","","","","","","","","0.9","","","","","","","","","12.9","","","","","","","","5.7","","","","","10.3","","","27.4","","45.1","44.5","","","","47.5","","","","","58.4",
"South Asia","SAS","Contraceptive prevalence, any modern method (% of married women ages 15-49)","SP.DYN.CONM.ZS","","","","","","","","","","","","","","","","","","","","","","","","","","","","","","","36.0202306289735","","","","","","","","","","39.9072891114249","","","","","","","","","","45.2384182062727","","","","","","","","45.6098676828902","","",
"Saudi Arabia","SAU","Contraceptive prevalence, any modern method (% of married women ages 15-49)","SP.DYN.CONM.ZS","","","","","","","","","","","","","","","","","","","","","","","","","","","","","","","","","","","","","","28.5","","","","","","","","","","","","","","","","","","","20.9","","","","",
"Sudan","SDN","Contraceptive prevalence, any modern method (% of married women ages 15-49)","SP.DYN.CONM.ZS","","","","","","","","","","","","","","","","","","","","3.9","","","","","","","","","","","5.5","","","6.9","","","","","","5.4","","","","","","","9","","","","8.5","","","","12","","","","","","",
"Senegal","SEN","Contraceptive prevalence, any modern method (% of married women ages 15-49)","SP.DYN.CONM.ZS","","","","","","","","","","","","","","","","","","","0.6","","","","","","","","2.4","","","","","","","4.8","","","","8.1","","8.2","","","","","","10.3","","","","","","12.1","","16.1","20.3","21.2","23.1","26.3","25.4","25.5","",
"Singapore","SGP","Contraceptive prevalence, any modern method (% of married women ages 15-49)","SP.DYN.CONM.ZS","","","","","","","","","","","","","","52.8","","","","62.8","","","","","59","","","","","53","","","","","52","","","","","55","","","","","","","","","","","","","","","","","","","","","","","",
"Solomon Islands","SLB","Contraceptive prevalence, any modern method (% of married women ages 15-49)","SP.DYN.CONM.ZS","","","","","","","","","","","","","","","","","","","","","","","","","","","","","","","","","","","","","","","","","","","","","","","","27.4","","","","","","","","24.3","","","","","",
"Sierra Leone","SLE","Contraceptive prevalence, any modern method (% of married women ages 15-49)","SP.DYN.CONM.ZS","","","","","","","","","","","","","","","","","","","","","","","","","","","","","","","","","","","","","","","","","3.9","","","","","4.9","","","6.7","","10.2","","","15.6","","","","21.9","","20.9","",
"El Salvador","SLV","Contraceptive prevalence, any modern method (% of married women ages 15-49)","SP.DYN.CONM.ZS","","","","","","","","","","","","","","","","20","","","32.1","","","","","","","44.5","","","43.5","","","","","48.4","","","","","54.1","","","","","61.9","","","","","66.2","","","","","","67.7","","","","","","",
"San Marino","SMR","Contraceptive prevalence, any modern method (% of married women ages 15-49)","SP.DYN.CONM.ZS","","","","","","","","","","","","","","","","","","","","","","","","","","","","","","","","","","","","","","","","","","","","","","","","","","","","","","","","","","","","","",
"Somalia","SOM","Contraceptive prevalence, any modern method (% of married women ages 15-49)","SP.DYN.CONM.ZS","","","","","","","","","","","","","","","","","","","","","","","","","","","","","","","","","","","","","","","","1","","","","","","","1.2","","","","","1.5","","","","","","","","0.9","",
"Serbia","SRB","Contraceptive prevalence, any modern method (% of married women ages 15-49)","SP.DYN.CONM.ZS","","","","","","","","","","","","","","","","","","","","","","","","","","","","","","","","","","","","","","","","","33","","","","","","19","","","","22.2","","","","18.4","","","","","21.3","",
"Sub-Saharan Africa (excluding high income)","SSA","Contraceptive prevalence, any modern method (% of married women ages 15-49)","SP.DYN.CONM.ZS","","","","","","","","","","","","","","","","","","","","","","","","","","","","","","","10.5787939206494","","","","","","","","","","15.5289260433012","","","","","","","","","","18.4740719179471","","","","","","","","27.6509100437976","","",
"South Sudan","SSD","Contraceptive prevalence, any modern method (% of married women ages 15-49)","SP.DYN.CONM.ZS","","","","","","","","","","","","","","","","","","","","","","","","","","","","","","","","","","","","","","","","","","","","","","","3.3","","","","1.6","6.5","","","","5","","","","","",
"Sub-Saharan Africa","SSF","Contraceptive prevalence, any modern method (% of married women ages 15-49)","SP.DYN.CONM.ZS","","","","","","","","","","","","","","","","","","","","","","","","","","","","","","","10.5787939206494","","","","","","","","","","15.5289260433012","","","","","","","","","","18.4740719179471","","","","","","","","27.6509100437976","","",
"Small states","SST","Contraceptive prevalence, any modern method (% of married women ages 15-49)","SP.DYN.CONM.ZS","","","","","","","","","","","","","","","","","","","","","","","","","","","","","","","","","","","","","","","","","","","","","","","","","","","","","","","","","","","","","",
"Sao Tome and Principe","STP","Contraceptive prevalence, any modern method (% of married women ages 15-49)","SP.DYN.CONM.ZS","","","","","","","","","","","","","","","","","","","","","","","","","","","","","","","","","","","","","","","","","28","","","","","","28.5","","","33.7","","","","","37.4","","","","","46","",
"Suriname","SUR","Contraceptive prevalence, any modern method (% of married women ages 15-49)","SP.DYN.CONM.ZS","","","","","","","","","","","","","","","","","","","","","","","","","","","","","","","","","","","","","","","","","40.7","","","","","","45","","","","47.2","","","","","","","","38.7","","",
"Slovak Republic","SVK","Contraceptive prevalence, any modern method (% of married women ages 15-49)","SP.DYN.CONM.ZS","","","","","","","","","","","","","","","","","","","","","","","","","","","","","","","","","","","","","","","","","","","","","","","","","","","","","","","","","","","","","",
"Slovenia","SVN","Contraceptive prevalence, any modern method (% of married women ages 15-49)","SP.DYN.CONM.ZS","","","","","","","","","","","","","","","","","","","","","","","","","","","","","","","","","","","","63.2","","","","","","","","","","","","","","","","","","","","","","","","","",
"Sweden","SWE","Contraceptive prevalence, any modern method (% of married women ages 15-49)","SP.DYN.CONM.ZS","","","","","","","","","","","","","","","","","","","","","","","","","","","","","","","","","","","","","","","","","","","","","","","","","","","","","","68.8","","","","68.1","","","",
"Eswatini","SWZ","Contraceptive prevalence, any modern method (% of married women ages 15-49)","SP.DYN.CONM.ZS","","","","","","","","","","","","","","","","","","","","","","","","","","","","","17.1","17.2","","","","","","","","","","","26.2","","","","","","","47.7","","","63.1","","","","65.5","","","","","","",
"Sint Maarten (Dutch part)","SXM","Contraceptive prevalence, any modern method (% of married women ages 15-49)","SP.DYN.CONM.ZS","","","","","","","","","","","","","","","","","","","","","","","","","","","","","","","","","","","","","","","","","","","","","","","","","","","","","","","","","","","","","",
"Seychelles","SYC","Contraceptive prevalence, any modern method (% of married women ages 15-49)","SP.DYN.CONM.ZS","","","","","","","","","","","","","","","","","","","","","","","","","","","","","","","","","","","","","","","","","","","","","","","","","","","","","","","","","","","","","",
"Syrian Arab Republic","SYR","Contraceptive prevalence, any modern method (% of married women ages 15-49)","SP.DYN.CONM.ZS","","","","","","","","","","","","","","","","","","","22.4","","","","","","","","","","","","","","","28.3","","","","","","","","35.1","","","","","46.3","","","37.5","","","","","","","","","","","",
"Turks and Caicos Islands","TCA","Contraceptive prevalence, any modern method (% of married women ages 15-49)","SP.DYN.CONM.ZS","","","","","","","","","","","","","","","","","","","","","","","","","","","","","","","","","","","","","","","","","","","","","","","","","","","","","","","","","","","","","",
"Chad","TCD","Contraceptive prevalence, any modern method (% of married women ages 15-49)","SP.DYN.CONM.ZS","","","","","","","","","","","","","","","","","","","","","","","","","","","","","","","","","","","","","","1.2","","","6.3","","","","9.9","","","","","","4.4","","","","","5","","","","6.7","",
"East Asia & Pacific (IDA & IBRD countries)","TEA","Contraceptive prevalence, any modern method (% of married women ages 15-49)","SP.DYN.CONM.ZS","","","","","","","","","","","","","","","","","","","","","","","","","","","","","","","66.3003038263206","","","","","","","","","","76.2245202685999","","","","","","","","","","","","","","","","","","71.832689155865","","",
"Europe & Central Asia (IDA & IBRD countries)","TEC","Contraceptive prevalence, any modern method (% of married women ages 15-49)","SP.DYN.CONM.ZS","","","","","","","","","","","","","","","","","","","","","","","","","","","","","","","","","","","","","","","","","","","","","","","","","","","46.3084029407956","","","","","","","","","","",
"Togo","TGO","Contraceptive prevalence, any modern method (% of married women ages 15-49)","SP.DYN.CONM.ZS","","","","","","","","","","","","","","","","","","","","","","","","","","","","","3.1","","","","","","","","","","7","","12.6","","","","","","11.2","","","","13.5","","","","17.3","","","21.4","","","",
"Thailand","THA","Contraceptive prevalence, any modern method (% of married women ages 15-49)","SP.DYN.CONM.ZS","","","","","","","","","","","14.8","","","25.7","","30","","","49.3","","","56.3","","","62","","","63.6","","64.2","","","","72.2","","","72.2","69.8","","","","76.1","","","","","75.4","","","77.4","","","77","","","","75.5","","","71.3","",
"Tajikistan","TJK","Contraceptive prevalence, any modern method (% of married women ages 15-49)","SP.DYN.CONM.ZS","","","","","","","","","","","","","","","","","","","","","","","","","","","","","","","","","","","","","","","","","28.3","","","","","36.1","","31.6","","","","","25.8","","","","","27.1","","","",
"Turkmenistan","TKM","Contraceptive prevalence, any modern method (% of married women ages 15-49)","SP.DYN.CONM.ZS","","","","","","","","","","","","","","","","","","","","","","","","","","","","","","","","","","","","","","","","","53.1","","","","","","46.8","","","","","","","","","","47.1","","","47.3","",
"Latin America & the Caribbean (IDA & IBRD countries)","TLA","Contraceptive prevalence, any modern method (% of married women ages 15-49)","SP.DYN.CONM.ZS","","","","","","","","","","","","","","","","","","","","","","","","","","","","","","","","","","","","","","","","","","","","","","","","","","","","","","","","","","","","","",
"Timor-Leste","TLS","Contraceptive prevalence, any modern method (% of married women ages 15-49)","SP.DYN.CONM.ZS","","","","","","","","","","","","","","","","","","","","","","","","","","","","","","","","20.4","","","20.7","","","25.1","","","","6.6","","9.5","","","","15.8","","","21.1","","","","","","24.1","","","","",
"Middle East & North Africa (IDA & IBRD countries)","TMN","Contraceptive prevalence, any modern method (% of married women ages 15-49)","SP.DYN.CONM.ZS","","","","","","","","","","","","","","","","","","","","","","","","","","","","","","","34.001570699877","","","","","","","","","","50.1034795693297","","","","","","","","","","52.0232223540792","","","","","","","","","","",
"Tonga","TON","Contraceptive prevalence, any modern method (% of married women ages 15-49)","SP.DYN.CONM.ZS","","","","","","","","","","","","","","","","","","","","","","","","","","","","","","","","","","","","","","","","","","","","","","","","","","","","","28.4","","","","","","","25.2","",
"South Asia (IDA & IBRD)","TSA","Contraceptive prevalence, any modern method (% of married women ages 15-49)","SP.DYN.CONM.ZS","","","","","","","","","","","","","","","","","","","","","","","","","","","","","","","36.0202306289735","","","","","","","","","","39.9072891114249","","","","","","","","","","45.2384182062727","","","","","","","","45.6098676828902","","",
"Sub-Saharan Africa (IDA & IBRD countries)","TSS","Contraceptive prevalence, any modern method (% of married women ages 15-49)","SP.DYN.CONM.ZS","","","","","","","","","","","","","","","","","","","","","","","","","","","","","","","10.5787939206494","","","","","","","","","","15.5289260433012","","","","","","","","","","18.4740719179471","","","","","","","","27.6509100437976","","",
"Trinidad and Tobago","TTO","Contraceptive prevalence, any modern method (% of married women ages 15-49)","SP.DYN.CONM.ZS","","","","","","","","","","","","36.5","","","","","","46","","","","","","","","","","44.4","","","","","","","","","","","","","33.3","","","","","","38.1","","","","","37.6","","","","","","","","","",
"Tunisia","TUN","Contraceptive prevalence, any modern method (% of married women ages 15-49)","SP.DYN.CONM.ZS","","","","","","","","","","","","","","","","","","","24.7","","","","","34.2","","","","","40.4","","","","","","","49","","","","","57.7","53.1","","","","","51.5","","","","","","50.9","","","","","","44.3","","",
"Turkey","TUR","Contraceptive prevalence, any modern method (% of married women ages 15-49)","SP.DYN.CONM.ZS","","","","6.7","","","","","9.3","","","","","11.4","","","","","17.8","","","","","22.4","","","","","31","","","","","34.5","","","","","37.7","","","","","42.5","43.8","","","","46","","","","","47.4","47.4","","","","48.9","","",
"Tuvalu","TUV","Contraceptive prevalence, any modern method (% of married women ages 15-49)","SP.DYN.CONM.ZS","","","","","","","","","","","","","","","","","","","","","","","","","","","","","","","","","","","","","","","","","","","","","","","","22.4","","","","","","","","","","","","","",
"Tanzania","TZA","Contraceptive prevalence, any modern method (% of married women ages 15-49)","SP.DYN.CONM.ZS","","","","","","","","","","","","","","","","","","","","","","","","","","","","","","","","","6.6","","13.1","","13.3","","","16.9","","","","","23.4","20","","","","","27.4","","","","","","32","","","","",
"Uganda","UGA","Contraceptive prevalence, any modern method (% of married women ages 15-49)","SP.DYN.CONM.ZS","","","","","","","","","","","","","","","","","","","","","","","","","","","","","","2.5","","","","","","7.8","","","","","","18.2","","","","18.7","17.9","","","","","26","","","25.8","30.5","34.8","34.5","36.5","","",
"Ukraine","UKR","Contraceptive prevalence, any modern method (% of married women ages 15-49)","SP.DYN.CONM.ZS","","","","","","","","","","","","","","","","","","","","","","","","","","","","","","","","","","","","","","","","37.6","","","","","","58.4","","47.5","","","","","47.6","","","","","","","","",
"Upper middle income","UMC","Contraceptive prevalence, any modern method (% of married women ages 15-49)","SP.DYN.CONM.ZS","","","","","","","","","","","","","","","","","","","","","","","","","","","","","","","67.0951019076322","","","","","","","","","","77.5290541926827","","","","","","","","","","","","","","","","","","72.9996059163661","","",
"Uruguay","URY","Contraceptive prevalence, any modern method (% of married women ages 15-49)","SP.DYN.CONM.ZS","","","","","","","","","","","","","","","","","","","","","","","","","","","72.4","","","","","","","","","","","","","","","","","","74.8","","","","","","","","","","","","","","","","",
"United States","USA","Contraceptive prevalence, any modern method (% of married women ages 15-49)","SP.DYN.CONM.ZS","","","","","","49.1","","","","","56.8","","","63.5","","73.2","60.5","","","","","","64","","","","","","69.1","","66.6","","","","","70.5","","","","","","","64.4","","","","","71.6","","","70.4","","70.1","","63.1","","67.7","","66.1","66.1","",
"Uzbekistan","UZB","Contraceptive prevalence, any modern method (% of married women ages 15-49)","SP.DYN.CONM.ZS","","","","","","","","","","","","","","","","","","","","","","","","","","","","","","","","","","","","","51.3","","","","63.6","","62.8","","","","61.7","","","","","","","","","","","","","","",
"St. Vincent and the Grenadines","VCT","Contraceptive prevalence, any modern method (% of married women ages 15-49)","SP.DYN.CONM.ZS","","","","","","","","","","","","","","","","","","","","","","51.6","","","","","","","55.9","","","","","","","","","","","","","","","","","","","","","","","","","","","","","","","","",
"Venezuela, RB","VEN","Contraceptive prevalence, any modern method (% of married women ages 15-49)","SP.DYN.CONM.ZS","","","","","","","","","","","","","","","","","","38","","","","","","","","","","","","","","","","54.5","","","","","61.7","","","","","","","","","","","","","","","","","","","","","","",
"British Virgin Islands","VGB","Contraceptive prevalence, any modern method (% of married women ages 15-49)","SP.DYN.CONM.ZS","","","","","","","","","","","","","","","","","","","","","","","","","","","","","","","","","","","","","","","","","","","","","","","","","","","","","","","","","","","","","",
"Virgin Islands (U.S.)","VIR","Contraceptive prevalence, any modern method (% of married women ages 15-49)","SP.DYN.CONM.ZS","","","","","","","","","","","","","","","","","","","","","","","","","","","","","","","","","","","","","","","","","","","","","","","","","","","","","","","","","","","","","",
"Vietnam","VNM","Contraceptive prevalence, any modern method (% of married women ages 15-49)","SP.DYN.CONM.ZS","","","","","","","","","","","","","","","","","","","","","","","","","","","","","37.7","","","","","","43.8","","","55.8","57.9","","56.2","61.1","56.7","63.3","64.6","65.8","60.8","68.2","68.7","","67.5","60.1","66.6","67","56.8","65","66.5","","65.6","66.5","",
"Vanuatu","VUT","Contraceptive prevalence, any modern method (% of married women ages 15-49)","SP.DYN.CONM.ZS","","","","","","","","","","","","","","","","","","","","","","","","","20.8","","","","","","","","","","","32.1","","","","","","","","","","","","37","","","","","","37.1","","","","","","","",
"World","WLD","Contraceptive prevalence, any modern method (% of married women ages 15-49)","SP.DYN.CONM.ZS","","","","","","","","","","","","","","","","","","","","","","","","","","","","","","","50.186287077214","","","","","","","","","","54.883484755607","","","","","","","","","","","","","","","","","","53.6262417238182","","",
"Samoa","WSM","Contraceptive prevalence, any modern method (% of married women ages 15-49)","SP.DYN.CONM.ZS","","","","","","","","","","","","","","","","","","","","","","","","","","","","","","","","","","","","","","","","","","","","","","","","","","26.7","","","","","24.3","","","","","","",
"Kosovo","XKX","Contraceptive prevalence, any modern method (% of married women ages 15-49)","SP.DYN.CONM.ZS","","","","","","","","","","","","","","","","","","","","","","","","","","","","","","","","","","","","","","","","","","","","","","","","","","","","","","","","","","","","","",
"Yemen, Rep.","YEM","Contraceptive prevalence, any modern method (% of married women ages 15-49)","SP.DYN.CONM.ZS","","","","","","","","","","","","","","","","","","","","1.6","","","","","","","","","","","","","6.1","","","","","9.8","","","","","","13.4","","","19.6","","","","","","","29.2","","","","","","","",
"South Africa","ZAF","Contraceptive prevalence, any modern method (% of married women ages 15-49)","SP.DYN.CONM.ZS","","","","","","","","","","","","","","","","","","","","","","","","","","","","","48.4","","","","","","","","","","55.1","","","","","59.8","59.9","","","","","","","","","","","","54","","","","",
"Zambia","ZMB","Contraceptive prevalence, any modern method (% of married women ages 15-49)","SP.DYN.CONM.ZS","","","","","","","","","","","","","","","","","","","","","","","","","","","","","","","","","8.9","","","","14.4","14.4","","18.5","","","25.3","","","","","32.7","","","","","","","44.8","","","","47.5","","",
"Zimbabwe","ZWE","Contraceptive prevalence, any modern method (% of married women ages 15-49)","SP.DYN.CONM.ZS","","","","","","","","","","","","","","","","","","","","","","","","","26.6","","","","36.1","36.1","","","","","42.2","","","","","50.4","","","","","","","58.4","","","63.9","","57.3","","","66.5","65.8","","","","","",
